{
  "project_info": {
    "project_number": "572749704310",
    "project_id": "htaz-30ed2",
    "storage_bucket": "htaz-30ed2.appspot.com"
  },
  "client": [
    {
      "client_info": {
        "mobilesdk_app_id": "1:572749704310:android:38a4e48b55045f0d734357",
        "android_client_info": {
          "package_name": "com.android.application"
        }
      },
      "oauth_client": [
        {
          "client_id": "572749704310-aulgebtfhna3uaihirdi4cqk63jm4fsl.apps.googleusercontent.com",
          "client_type": 3
        }
      ],
      "api_key": [
        {
          "current_key": "AIzaSyCB06w7TkOnH0Iumc-uoU74ZTm3oVGNsIs"
        }
      ],
      "services": {
        "appinvite_service": {
          "other_platform_oauth_client": [
            {
              "client_id": "572749704310-aulgebtfhna3uaihirdi4cqk63jm4fsl.apps.googleusercontent.com",
              "client_type": 3
            }
          ]
        }
      }
    },
    {
      "client_info": {
        "mobilesdk_app_id": "1:572749704310:android:602848c7a9878dfd734357",
        "android_client_info": {
          "package_name": "com.example.maps"
        }
      },
      "oauth_client": [
        {
          "client_id": "572749704310-aulgebtfhna3uaihirdi4cqk63jm4fsl.apps.googleusercontent.com",
          "client_type": 3
        }
      ],
      "api_key": [
        {
          "current_key": "AIzaSyCB06w7TkOnH0Iumc-uoU74ZTm3oVGNsIs"
        }
      ],
      "services": {
        "appinvite_service": {
          "other_platform_oauth_client": [
            {
              "client_id": "572749704310-aulgebtfhna3uaihirdi4cqk63jm4fsl.apps.googleusercontent.com",
              "client_type": 3
            }
          ]
        }
      }
    }
  ],
  "configuration_version": "1"
}